Driver,GridPosition,Q3
RUS,,78.518
ANT,,78.811
HAD,,79.303
LEC,,79.327
PIA,,79.38
NOR,,79.475
HAM,,79.478
LAW,,79.994
LIN,,81.247
BOR,,
HUL,,
BEA,,
OCO,,
GAS,,
ALB,,
COL,,
ALO,,
PER,,
BOT,,
STR,,
VER,,
SAI,,
